{"FreqData": {"lower_fb": 1.9640000000000006, "upper_fb": 2.0129999999999995, "max_freq": 5.997999999999999, "dt": 0.007}, "OptimizerSettings": {"opt_tol": 3e-06, "fun_tol": 3e-06, "stp_tol": 3e-06, "max_its": 1.0, "sol_mtd": 3.0, "opt_its": 49.0, "opt_mcp": 0.01}, "GeneratorParameters": {"d_2": 0.25, "e_2": 0.97, "m_2": 1.02, "x_d2": 0.04, "ic_d2": 0.97}, "OscillationParameters": {"osc_amp": 0.25, "osc_freq": 0.25}, "WhiteNoise": {"rnd_amp": 0.03100000000000001}, "InfBusInitializer": {"ic_v1": 0.6000000000000001, "ic_t1": 0.7}}