{"FreqData": {"lower_fb": 1.9640000000000004, "upper_fb": 2.013, "max_freq": 5.998, "dt": 0.007}, "OptimizerSettings": {"opt_tol": 4.9999999999999996e-06, "fun_tol": 5.999999999999999e-06, "stp_tol": 7e-06, "max_its": 7.0, "sol_mtd": 3.0, "opt_its": 49.0, "opt_mcp": 0.01}, "GeneratorParameters": {"d_2": 0.25, "e_2": 0.97, "m_2": 1.02, "x_d2": 0.04, "ic_d2": 0.8899999999999999}, "OscillationParameters": {"osc_amp": 0.25, "osc_freq": 0.25}, "WhiteNoise": {"rnd_amp": 0.031}, "InfBusInitializer": {"ic_v1": 0.6, "ic_t1": 0.7}}